"Article Title","Article Content","wp_category","Slug","Meta Title","Meta Description","Schema Markup","Status"
"What materials are dental implants made from?","Considering dental implants? Understanding what materials are dental implants made from is crucial for making informed decisions about your oral health. This comprehensive guide explores everything you need to know, backed by clinical research and expert insights from leading dental professionals.<h2>Understanding the Basics</h2><img alt=""What materials are dental implants made from?"" width=""616px"" src=""https://example.com/placeholder.jpg""/><p>Dental implants have revolutionized modern dentistry, offering a permanent solution for tooth loss. This section explores the fundamental concepts you need to understand about what materials are dental implants made from.</p><h3>Key Points</h3><ul><li>Comprehensive coverage of essential topics</li><li>Evidence-based information from clinical studies</li><li>Practical guidance for patients</li></ul><h2>Detailed Analysis</h2><p>Expert insights and detailed explanations provide clarity on this important topic. Understanding these factors helps you make the best decision for your dental health.</p><table><thead><tr><th>Factor</th><th>Description</th></tr></thead><tbody><tr><td>Clinical Evidence</td><td>Based on peer-reviewed research</td></tr><tr><td>Expert Opinion</td><td>Guidance from dental professionals</td></tr></tbody></table><h2>Frequently Asked Questions</h2><h3>What materials are dental implants made from?</h3><p>This is the primary question addressed in this comprehensive guide. We explore all aspects to give you complete understanding and peace of mind about your dental implant journey.</p>","","","What materials are dental implants made from?","Everything you need to know about what materials are dental implants made from - expert insights, clinical evidence, and practical guidance for dental impl","","draft"
"How strong are dental implants?","Considering dental implants? Understanding how strong are dental implants is crucial for making informed decisions about your oral health. This comprehensive guide explores everything you need to know, backed by clinical research and expert insights from leading dental professionals.<h2>Understanding the Basics</h2><img alt=""How strong are dental implants?"" width=""616px"" src=""https://example.com/placeholder.jpg""/><p>Dental implants have revolutionized modern dentistry, offering a permanent solution for tooth loss. This section explores the fundamental concepts you need to understand about how strong are dental implants.</p><h3>Key Points</h3><ul><li>Comprehensive coverage of essential topics</li><li>Evidence-based information from clinical studies</li><li>Practical guidance for patients</li></ul><h2>Detailed Analysis</h2><p>Expert insights and detailed explanations provide clarity on this important topic. Understanding these factors helps you make the best decision for your dental health.</p><table><thead><tr><th>Factor</th><th>Description</th></tr></thead><tbody><tr><td>Clinical Evidence</td><td>Based on peer-reviewed research</td></tr><tr><td>Expert Opinion</td><td>Guidance from dental professionals</td></tr></tbody></table><h2>Frequently Asked Questions</h2><h3>How strong are dental implants?</h3><p>This is the primary question addressed in this comprehensive guide. We explore all aspects to give you complete understanding and peace of mind about your dental implant journey.</p>","","","How strong are dental implants?","Everything you need to know about how strong are dental implants - expert insights, clinical evidence, and practical guidance for dental implant patients.","","draft"
"Can dental implants break or crack?","Considering dental implants? Understanding can dental implants break or crack is crucial for making informed decisions about your oral health. This comprehensive guide explores everything you need to know, backed by clinical research and expert insights from leading dental professionals.<h2>Understanding the Basics</h2><img alt=""Can dental implants break or crack?"" width=""616px"" src=""https://example.com/placeholder.jpg""/><p>Dental implants have revolutionized modern dentistry, offering a permanent solution for tooth loss. This section explores the fundamental concepts you need to understand about can dental implants break or crack.</p><h3>Key Points</h3><ul><li>Comprehensive coverage of essential topics</li><li>Evidence-based information from clinical studies</li><li>Practical guidance for patients</li></ul><h2>Detailed Analysis</h2><p>Expert insights and detailed explanations provide clarity on this important topic. Understanding these factors helps you make the best decision for your dental health.</p><table><thead><tr><th>Factor</th><th>Description</th></tr></thead><tbody><tr><td>Clinical Evidence</td><td>Based on peer-reviewed research</td></tr><tr><td>Expert Opinion</td><td>Guidance from dental professionals</td></tr></tbody></table><h2>Frequently Asked Questions</h2><h3>Can dental implants break or crack?</h3><p>This is the primary question addressed in this comprehensive guide. We explore all aspects to give you complete understanding and peace of mind about your dental implant journey.</p>","","","Can dental implants break or crack?","Everything you need to know about can dental implants break or crack - expert insights, clinical evidence, and practical guidance for dental implant patien","","draft"
"What is the difference between titanium and zirconia implants?","Considering dental implants? Understanding what is the difference between titanium and zirconia implants is crucial for making informed decisions about your oral health. This comprehensive guide explores everything you need to know, backed by clinical research and expert insights from leading dental professionals.<h2>Understanding the Basics</h2><img alt=""What is the difference between titanium and zirconia implants?"" width=""616px"" src=""https://example.com/placeholder.jpg""/><p>Dental implants have revolutionized modern dentistry, offering a permanent solution for tooth loss. This section explores the fundamental concepts you need to understand about what is the difference between titanium and zirconia implants.</p><h3>Key Points</h3><ul><li>Comprehensive coverage of essential topics</li><li>Evidence-based information from clinical studies</li><li>Practical guidance for patients</li></ul><h2>Detailed Analysis</h2><p>Expert insights and detailed explanations provide clarity on this important topic. Understanding these factors helps you make the best decision for your dental health.</p><table><thead><tr><th>Factor</th><th>Description</th></tr></thead><tbody><tr><td>Clinical Evidence</td><td>Based on peer-reviewed research</td></tr><tr><td>Expert Opinion</td><td>Guidance from dental professionals</td></tr></tbody></table><h2>Frequently Asked Questions</h2><h3>What is the difference between titanium and zirconia implants?</h3><p>This is the primary question addressed in this comprehensive guide. We explore all aspects to give you complete understanding and peace of mind about your dental implant journey.</p>","","","What is the difference between titanium and zirconia...","Everything you need to know about what is the difference between titanium and zirconia implants - expert insights, clinical evidence, and practical guidanc","","draft"
"Are dental implants safe?","Considering dental implants? Understanding are dental implants safe is crucial for making informed decisions about your oral health. This comprehensive guide explores everything you need to know, backed by clinical research and expert insights from leading dental professionals.<h2>Understanding the Basics</h2><img alt=""Are dental implants safe?"" width=""616px"" src=""https://example.com/placeholder.jpg""/><p>Dental implants have revolutionized modern dentistry, offering a permanent solution for tooth loss. This section explores the fundamental concepts you need to understand about are dental implants safe.</p><h3>Key Points</h3><ul><li>Comprehensive coverage of essential topics</li><li>Evidence-based information from clinical studies</li><li>Practical guidance for patients</li></ul><h2>Detailed Analysis</h2><p>Expert insights and detailed explanations provide clarity on this important topic. Understanding these factors helps you make the best decision for your dental health.</p><table><thead><tr><th>Factor</th><th>Description</th></tr></thead><tbody><tr><td>Clinical Evidence</td><td>Based on peer-reviewed research</td></tr><tr><td>Expert Opinion</td><td>Guidance from dental professionals</td></tr></tbody></table><h2>Frequently Asked Questions</h2><h3>Are dental implants safe?</h3><p>This is the primary question addressed in this comprehensive guide. We explore all aspects to give you complete understanding and peace of mind about your dental implant journey.</p>","","","Are dental implants safe?","Everything you need to know about are dental implants safe - expert insights, clinical evidence, and practical guidance for dental implant patients.","","draft"
"What is the FDA approval process for dental implants?","Considering dental implants? Understanding what is the fda approval process for dental implants is crucial for making informed decisions about your oral health. This comprehensive guide explores everything you need to know, backed by clinical research and expert insights from leading dental professionals.<h2>Understanding the Basics</h2><img alt=""What is the FDA approval process for dental implants?"" width=""616px"" src=""https://example.com/placeholder.jpg""/><p>Dental implants have revolutionized modern dentistry, offering a permanent solution for tooth loss. This section explores the fundamental concepts you need to understand about what is the fda approval process for dental implants.</p><h3>Key Points</h3><ul><li>Comprehensive coverage of essential topics</li><li>Evidence-based information from clinical studies</li><li>Practical guidance for patients</li></ul><h2>Detailed Analysis</h2><p>Expert insights and detailed explanations provide clarity on this important topic. Understanding these factors helps you make the best decision for your dental health.</p><table><thead><tr><th>Factor</th><th>Description</th></tr></thead><tbody><tr><td>Clinical Evidence</td><td>Based on peer-reviewed research</td></tr><tr><td>Expert Opinion</td><td>Guidance from dental professionals</td></tr></tbody></table><h2>Frequently Asked Questions</h2><h3>What is the FDA approval process for dental implants?</h3><p>This is the primary question addressed in this comprehensive guide. We explore all aspects to give you complete understanding and peace of mind about your dental implant journey.</p>","","","What is the FDA approval process for dental implants?","Everything you need to know about what is the fda approval process for dental implants - expert insights, clinical evidence, and practical guidance for den","","draft"
"Can dental implants cause allergic reactions?","Considering dental implants? Understanding can dental implants cause allergic reactions is crucial for making informed decisions about your oral health. This comprehensive guide explores everything you need to know, backed by clinical research and expert insights from leading dental professionals.<h2>Understanding the Basics</h2><img alt=""Can dental implants cause allergic reactions?"" width=""616px"" src=""https://example.com/placeholder.jpg""/><p>Dental implants have revolutionized modern dentistry, offering a permanent solution for tooth loss. This section explores the fundamental concepts you need to understand about can dental implants cause allergic reactions.</p><h3>Key Points</h3><ul><li>Comprehensive coverage of essential topics</li><li>Evidence-based information from clinical studies</li><li>Practical guidance for patients</li></ul><h2>Detailed Analysis</h2><p>Expert insights and detailed explanations provide clarity on this important topic. Understanding these factors helps you make the best decision for your dental health.</p><table><thead><tr><th>Factor</th><th>Description</th></tr></thead><tbody><tr><td>Clinical Evidence</td><td>Based on peer-reviewed research</td></tr><tr><td>Expert Opinion</td><td>Guidance from dental professionals</td></tr></tbody></table><h2>Frequently Asked Questions</h2><h3>Can dental implants cause allergic reactions?</h3><p>This is the primary question addressed in this comprehensive guide. We explore all aspects to give you complete understanding and peace of mind about your dental implant journey.</p>","","","Can dental implants cause allergic reactions?","Everything you need to know about can dental implants cause allergic reactions - expert insights, clinical evidence, and practical guidance for dental impl","","draft"
"How do I choose the right dental implant brand?","Considering dental implants? Understanding how do i choose the right dental implant brand is crucial for making informed decisions about your oral health. This comprehensive guide explores everything you need to know, backed by clinical research and expert insights from leading dental professionals.<h2>Understanding the Basics</h2><img alt=""How do I choose the right dental implant brand?"" width=""616px"" src=""https://example.com/placeholder.jpg""/><p>Dental implants have revolutionized modern dentistry, offering a permanent solution for tooth loss. This section explores the fundamental concepts you need to understand about how do i choose the right dental implant brand.</p><h3>Key Points</h3><ul><li>Comprehensive coverage of essential topics</li><li>Evidence-based information from clinical studies</li><li>Practical guidance for patients</li></ul><h2>Detailed Analysis</h2><p>Expert insights and detailed explanations provide clarity on this important topic. Understanding these factors helps you make the best decision for your dental health.</p><table><thead><tr><th>Factor</th><th>Description</th></tr></thead><tbody><tr><td>Clinical Evidence</td><td>Based on peer-reviewed research</td></tr><tr><td>Expert Opinion</td><td>Guidance from dental professionals</td></tr></tbody></table><h2>Frequently Asked Questions</h2><h3>How do I choose the right dental implant brand?</h3><p>This is the primary question addressed in this comprehensive guide. We explore all aspects to give you complete understanding and peace of mind about your dental implant journey.</p>","","","How do I choose the right dental implant brand?","Everything you need to know about how do i choose the right dental implant brand - expert insights, clinical evidence, and practical guidance for dental im","","draft"
"What are mini dental implants?","Considering dental implants? Understanding what are mini dental implants is crucial for making informed decisions about your oral health. This comprehensive guide explores everything you need to know, backed by clinical research and expert insights from leading dental professionals.<h2>Understanding the Basics</h2><img alt=""What are mini dental implants?"" width=""616px"" src=""https://example.com/placeholder.jpg""/><p>Dental implants have revolutionized modern dentistry, offering a permanent solution for tooth loss. This section explores the fundamental concepts you need to understand about what are mini dental implants.</p><h3>Key Points</h3><ul><li>Comprehensive coverage of essential topics</li><li>Evidence-based information from clinical studies</li><li>Practical guidance for patients</li></ul><h2>Detailed Analysis</h2><p>Expert insights and detailed explanations provide clarity on this important topic. Understanding these factors helps you make the best decision for your dental health.</p><table><thead><tr><th>Factor</th><th>Description</th></tr></thead><tbody><tr><td>Clinical Evidence</td><td>Based on peer-reviewed research</td></tr><tr><td>Expert Opinion</td><td>Guidance from dental professionals</td></tr></tbody></table><h2>Frequently Asked Questions</h2><h3>What are mini dental implants?</h3><p>This is the primary question addressed in this comprehensive guide. We explore all aspects to give you complete understanding and peace of mind about your dental implant journey.</p>","","","What are mini dental implants?","Everything you need to know about what are mini dental implants - expert insights, clinical evidence, and practical guidance for dental implant patients.","","draft"
"When are mini implants recommended?","Considering dental implants? Understanding when are mini implants recommended is crucial for making informed decisions about your oral health. This comprehensive guide explores everything you need to know, backed by clinical research and expert insights from leading dental professionals.<h2>Understanding the Basics</h2><img alt=""When are mini implants recommended?"" width=""616px"" src=""https://example.com/placeholder.jpg""/><p>Dental implants have revolutionized modern dentistry, offering a permanent solution for tooth loss. This section explores the fundamental concepts you need to understand about when are mini implants recommended.</p><h3>Key Points</h3><ul><li>Comprehensive coverage of essential topics</li><li>Evidence-based information from clinical studies</li><li>Practical guidance for patients</li></ul><h2>Detailed Analysis</h2><p>Expert insights and detailed explanations provide clarity on this important topic. Understanding these factors helps you make the best decision for your dental health.</p><table><thead><tr><th>Factor</th><th>Description</th></tr></thead><tbody><tr><td>Clinical Evidence</td><td>Based on peer-reviewed research</td></tr><tr><td>Expert Opinion</td><td>Guidance from dental professionals</td></tr></tbody></table><h2>Frequently Asked Questions</h2><h3>When are mini implants recommended?</h3><p>This is the primary question addressed in this comprehensive guide. We explore all aspects to give you complete understanding and peace of mind about your dental implant journey.</p>","","","When are mini implants recommended?","Everything you need to know about when are mini implants recommended - expert insights, clinical evidence, and practical guidance for dental implant patien","","draft"
"What is the All-on-4 technique?","Considering dental implants? Understanding what is the all-on-4 technique is crucial for making informed decisions about your oral health. This comprehensive guide explores everything you need to know, backed by clinical research and expert insights from leading dental professionals.<h2>Understanding the Basics</h2><img alt=""What is the All-on-4 technique?"" width=""616px"" src=""https://example.com/placeholder.jpg""/><p>Dental implants have revolutionized modern dentistry, offering a permanent solution for tooth loss. This section explores the fundamental concepts you need to understand about what is the all-on-4 technique.</p><h3>Key Points</h3><ul><li>Comprehensive coverage of essential topics</li><li>Evidence-based information from clinical studies</li><li>Practical guidance for patients</li></ul><h2>Detailed Analysis</h2><p>Expert insights and detailed explanations provide clarity on this important topic. Understanding these factors helps you make the best decision for your dental health.</p><table><thead><tr><th>Factor</th><th>Description</th></tr></thead><tbody><tr><td>Clinical Evidence</td><td>Based on peer-reviewed research</td></tr><tr><td>Expert Opinion</td><td>Guidance from dental professionals</td></tr></tbody></table><h2>Frequently Asked Questions</h2><h3>What is the All-on-4 technique?</h3><p>This is the primary question addressed in this comprehensive guide. We explore all aspects to give you complete understanding and peace of mind about your dental implant journey.</p>","","","What is the All-on-4 technique?","Everything you need to know about what is the all-on-4 technique - expert insights, clinical evidence, and practical guidance for dental implant patients.","","draft"
"What is the All-on-6 technique?","Considering dental implants? Understanding what is the all-on-6 technique is crucial for making informed decisions about your oral health. This comprehensive guide explores everything you need to know, backed by clinical research and expert insights from leading dental professionals.<h2>Understanding the Basics</h2><img alt=""What is the All-on-6 technique?"" width=""616px"" src=""https://example.com/placeholder.jpg""/><p>Dental implants have revolutionized modern dentistry, offering a permanent solution for tooth loss. This section explores the fundamental concepts you need to understand about what is the all-on-6 technique.</p><h3>Key Points</h3><ul><li>Comprehensive coverage of essential topics</li><li>Evidence-based information from clinical studies</li><li>Practical guidance for patients</li></ul><h2>Detailed Analysis</h2><p>Expert insights and detailed explanations provide clarity on this important topic. Understanding these factors helps you make the best decision for your dental health.</p><table><thead><tr><th>Factor</th><th>Description</th></tr></thead><tbody><tr><td>Clinical Evidence</td><td>Based on peer-reviewed research</td></tr><tr><td>Expert Opinion</td><td>Guidance from dental professionals</td></tr></tbody></table><h2>Frequently Asked Questions</h2><h3>What is the All-on-6 technique?</h3><p>This is the primary question addressed in this comprehensive guide. We explore all aspects to give you complete understanding and peace of mind about your dental implant journey.</p>","","","What is the All-on-6 technique?","Everything you need to know about what is the all-on-6 technique - expert insights, clinical evidence, and practical guidance for dental implant patients.","","draft"
"Can I get dental implants for just one tooth?","Considering dental implants? Understanding can i get dental implants for just one tooth is crucial for making informed decisions about your oral health. This comprehensive guide explores everything you need to know, backed by clinical research and expert insights from leading dental professionals.<h2>Understanding the Basics</h2><img alt=""Can I get dental implants for just one tooth?"" width=""616px"" src=""https://example.com/placeholder.jpg""/><p>Dental implants have revolutionized modern dentistry, offering a permanent solution for tooth loss. This section explores the fundamental concepts you need to understand about can i get dental implants for just one tooth.</p><h3>Key Points</h3><ul><li>Comprehensive coverage of essential topics</li><li>Evidence-based information from clinical studies</li><li>Practical guidance for patients</li></ul><h2>Detailed Analysis</h2><p>Expert insights and detailed explanations provide clarity on this important topic. Understanding these factors helps you make the best decision for your dental health.</p><table><thead><tr><th>Factor</th><th>Description</th></tr></thead><tbody><tr><td>Clinical Evidence</td><td>Based on peer-reviewed research</td></tr><tr><td>Expert Opinion</td><td>Guidance from dental professionals</td></tr></tbody></table><h2>Frequently Asked Questions</h2><h3>Can I get dental implants for just one tooth?</h3><p>This is the primary question addressed in this comprehensive guide. We explore all aspects to give you complete understanding and peace of mind about your dental implant journey.</p>","","","Can I get dental implants for just one tooth?","Everything you need to know about can i get dental implants for just one tooth - expert insights, clinical evidence, and practical guidance for dental impl","","draft"
"How are implants different from tooth-supported bridges?","Considering dental implants? Understanding how are implants different from tooth-supported bridges is crucial for making informed decisions about your oral health. This comprehensive guide explores everything you need to know, backed by clinical research and expert insights from leading dental professionals.<h2>Understanding the Basics</h2><img alt=""How are implants different from tooth-supported bridges?"" width=""616px"" src=""https://example.com/placeholder.jpg""/><p>Dental implants have revolutionized modern dentistry, offering a permanent solution for tooth loss. This section explores the fundamental concepts you need to understand about how are implants different from tooth-supported bridges.</p><h3>Key Points</h3><ul><li>Comprehensive coverage of essential topics</li><li>Evidence-based information from clinical studies</li><li>Practical guidance for patients</li></ul><h2>Detailed Analysis</h2><p>Expert insights and detailed explanations provide clarity on this important topic. Understanding these factors helps you make the best decision for your dental health.</p><table><thead><tr><th>Factor</th><th>Description</th></tr></thead><tbody><tr><td>Clinical Evidence</td><td>Based on peer-reviewed research</td></tr><tr><td>Expert Opinion</td><td>Guidance from dental professionals</td></tr></tbody></table><h2>Frequently Asked Questions</h2><h3>How are implants different from tooth-supported bridges?</h3><p>This is the primary question addressed in this comprehensive guide. We explore all aspects to give you complete understanding and peace of mind about your dental implant journey.</p>","","","How are implants different from tooth-supported brid...","Everything you need to know about how are implants different from tooth-supported bridges - expert insights, clinical evidence, and practical guidance for ","","draft"
"What is a dental implant crown?","Considering dental implants? Understanding what is a dental implant crown is crucial for making informed decisions about your oral health. This comprehensive guide explores everything you need to know, backed by clinical research and expert insights from leading dental professionals.<h2>Understanding the Basics</h2><img alt=""What is a dental implant crown?"" width=""616px"" src=""https://example.com/placeholder.jpg""/><p>Dental implants have revolutionized modern dentistry, offering a permanent solution for tooth loss. This section explores the fundamental concepts you need to understand about what is a dental implant crown.</p><h3>Key Points</h3><ul><li>Comprehensive coverage of essential topics</li><li>Evidence-based information from clinical studies</li><li>Practical guidance for patients</li></ul><h2>Detailed Analysis</h2><p>Expert insights and detailed explanations provide clarity on this important topic. Understanding these factors helps you make the best decision for your dental health.</p><table><thead><tr><th>Factor</th><th>Description</th></tr></thead><tbody><tr><td>Clinical Evidence</td><td>Based on peer-reviewed research</td></tr><tr><td>Expert Opinion</td><td>Guidance from dental professionals</td></tr></tbody></table><h2>Frequently Asked Questions</h2><h3>What is a dental implant crown?</h3><p>This is the primary question addressed in this comprehensive guide. We explore all aspects to give you complete understanding and peace of mind about your dental implant journey.</p>","","","What is a dental implant crown?","Everything you need to know about what is a dental implant crown - expert insights, clinical evidence, and practical guidance for dental implant patients.","","draft"
"How is the implant crown attached?","Considering dental implants? Understanding how is the implant crown attached is crucial for making informed decisions about your oral health. This comprehensive guide explores everything you need to know, backed by clinical research and expert insights from leading dental professionals.<h2>Understanding the Basics</h2><img alt=""How is the implant crown attached?"" width=""616px"" src=""https://example.com/placeholder.jpg""/><p>Dental implants have revolutionized modern dentistry, offering a permanent solution for tooth loss. This section explores the fundamental concepts you need to understand about how is the implant crown attached.</p><h3>Key Points</h3><ul><li>Comprehensive coverage of essential topics</li><li>Evidence-based information from clinical studies</li><li>Practical guidance for patients</li></ul><h2>Detailed Analysis</h2><p>Expert insights and detailed explanations provide clarity on this important topic. Understanding these factors helps you make the best decision for your dental health.</p><table><thead><tr><th>Factor</th><th>Description</th></tr></thead><tbody><tr><td>Clinical Evidence</td><td>Based on peer-reviewed research</td></tr><tr><td>Expert Opinion</td><td>Guidance from dental professionals</td></tr></tbody></table><h2>Frequently Asked Questions</h2><h3>How is the implant crown attached?</h3><p>This is the primary question addressed in this comprehensive guide. We explore all aspects to give you complete understanding and peace of mind about your dental implant journey.</p>","","","How is the implant crown attached?","Everything you need to know about how is the implant crown attached - expert insights, clinical evidence, and practical guidance for dental implant patient","","draft"
"Can I choose the color of my implant crown?","Considering dental implants? Understanding can i choose the color of my implant crown is crucial for making informed decisions about your oral health. This comprehensive guide explores everything you need to know, backed by clinical research and expert insights from leading dental professionals.<h2>Understanding the Basics</h2><img alt=""Can I choose the color of my implant crown?"" width=""616px"" src=""https://example.com/placeholder.jpg""/><p>Dental implants have revolutionized modern dentistry, offering a permanent solution for tooth loss. This section explores the fundamental concepts you need to understand about can i choose the color of my implant crown.</p><h3>Key Points</h3><ul><li>Comprehensive coverage of essential topics</li><li>Evidence-based information from clinical studies</li><li>Practical guidance for patients</li></ul><h2>Detailed Analysis</h2><p>Expert insights and detailed explanations provide clarity on this important topic. Understanding these factors helps you make the best decision for your dental health.</p><table><thead><tr><th>Factor</th><th>Description</th></tr></thead><tbody><tr><td>Clinical Evidence</td><td>Based on peer-reviewed research</td></tr><tr><td>Expert Opinion</td><td>Guidance from dental professionals</td></tr></tbody></table><h2>Frequently Asked Questions</h2><h3>Can I choose the color of my implant crown?</h3><p>This is the primary question addressed in this comprehensive guide. We explore all aspects to give you complete understanding and peace of mind about your dental implant journey.</p>","","","Can I choose the color of my implant crown?","Everything you need to know about can i choose the color of my implant crown - expert insights, clinical evidence, and practical guidance for dental implan","","draft"
"What is an implant-supported denture?","Considering dental implants? Understanding what is an implant-supported denture is crucial for making informed decisions about your oral health. This comprehensive guide explores everything you need to know, backed by clinical research and expert insights from leading dental professionals.<h2>Understanding the Basics</h2><img alt=""What is an implant-supported denture?"" width=""616px"" src=""https://example.com/placeholder.jpg""/><p>Dental implants have revolutionized modern dentistry, offering a permanent solution for tooth loss. This section explores the fundamental concepts you need to understand about what is an implant-supported denture.</p><h3>Key Points</h3><ul><li>Comprehensive coverage of essential topics</li><li>Evidence-based information from clinical studies</li><li>Practical guidance for patients</li></ul><h2>Detailed Analysis</h2><p>Expert insights and detailed explanations provide clarity on this important topic. Understanding these factors helps you make the best decision for your dental health.</p><table><thead><tr><th>Factor</th><th>Description</th></tr></thead><tbody><tr><td>Clinical Evidence</td><td>Based on peer-reviewed research</td></tr><tr><td>Expert Opinion</td><td>Guidance from dental professionals</td></tr></tbody></table><h2>Frequently Asked Questions</h2><h3>What is an implant-supported denture?</h3><p>This is the primary question addressed in this comprehensive guide. We explore all aspects to give you complete understanding and peace of mind about your dental implant journey.</p>","","","What is an implant-supported denture?","Everything you need to know about what is an implant-supported denture - expert insights, clinical evidence, and practical guidance for dental implant pati","","draft"
"How many implants do I need for full arch replacement?","Considering dental implants? Understanding how many implants do i need for full arch replacement is crucial for making informed decisions about your oral health. This comprehensive guide explores everything you need to know, backed by clinical research and expert insights from leading dental professionals.<h2>Understanding the Basics</h2><img alt=""How many implants do I need for full arch replacement?"" width=""616px"" src=""https://example.com/placeholder.jpg""/><p>Dental implants have revolutionized modern dentistry, offering a permanent solution for tooth loss. This section explores the fundamental concepts you need to understand about how many implants do i need for full arch replacement.</p><h3>Key Points</h3><ul><li>Comprehensive coverage of essential topics</li><li>Evidence-based information from clinical studies</li><li>Practical guidance for patients</li></ul><h2>Detailed Analysis</h2><p>Expert insights and detailed explanations provide clarity on this important topic. Understanding these factors helps you make the best decision for your dental health.</p><table><thead><tr><th>Factor</th><th>Description</th></tr></thead><tbody><tr><td>Clinical Evidence</td><td>Based on peer-reviewed research</td></tr><tr><td>Expert Opinion</td><td>Guidance from dental professionals</td></tr></tbody></table><h2>Frequently Asked Questions</h2><h3>How many implants do I need for full arch replacement?</h3><p>This is the primary question addressed in this comprehensive guide. We explore all aspects to give you complete understanding and peace of mind about your dental implant journey.</p>","","","How many implants do I need for full arch replacement?","Everything you need to know about how many implants do i need for full arch replacement - expert insights, clinical evidence, and practical guidance for de","","draft"
"What is a hybrid denture?","Considering dental implants? Understanding what is a hybrid denture is crucial for making informed decisions about your oral health. This comprehensive guide explores everything you need to know, backed by clinical research and expert insights from leading dental professionals.<h2>Understanding the Basics</h2><img alt=""What is a hybrid denture?"" width=""616px"" src=""https://example.com/placeholder.jpg""/><p>Dental implants have revolutionized modern dentistry, offering a permanent solution for tooth loss. This section explores the fundamental concepts you need to understand about what is a hybrid denture.</p><h3>Key Points</h3><ul><li>Comprehensive coverage of essential topics</li><li>Evidence-based information from clinical studies</li><li>Practical guidance for patients</li></ul><h2>Detailed Analysis</h2><p>Expert insights and detailed explanations provide clarity on this important topic. Understanding these factors helps you make the best decision for your dental health.</p><table><thead><tr><th>Factor</th><th>Description</th></tr></thead><tbody><tr><td>Clinical Evidence</td><td>Based on peer-reviewed research</td></tr><tr><td>Expert Opinion</td><td>Guidance from dental professionals</td></tr></tbody></table><h2>Frequently Asked Questions</h2><h3>What is a hybrid denture?</h3><p>This is the primary question addressed in this comprehensive guide. We explore all aspects to give you complete understanding and peace of mind about your dental implant journey.</p>","","","What is a hybrid denture?","Everything you need to know about what is a hybrid denture - expert insights, clinical evidence, and practical guidance for dental implant patients.","","draft"
"Can dental implants improve my facial appearance?","Considering dental implants? Understanding can dental implants improve my facial appearance is crucial for making informed decisions about your oral health. This comprehensive guide explores everything you need to know, backed by clinical research and expert insights from leading dental professionals.<h2>Understanding the Basics</h2><img alt=""Can dental implants improve my facial appearance?"" width=""616px"" src=""https://example.com/placeholder.jpg""/><p>Dental implants have revolutionized modern dentistry, offering a permanent solution for tooth loss. This section explores the fundamental concepts you need to understand about can dental implants improve my facial appearance.</p><h3>Key Points</h3><ul><li>Comprehensive coverage of essential topics</li><li>Evidence-based information from clinical studies</li><li>Practical guidance for patients</li></ul><h2>Detailed Analysis</h2><p>Expert insights and detailed explanations provide clarity on this important topic. Understanding these factors helps you make the best decision for your dental health.</p><table><thead><tr><th>Factor</th><th>Description</th></tr></thead><tbody><tr><td>Clinical Evidence</td><td>Based on peer-reviewed research</td></tr><tr><td>Expert Opinion</td><td>Guidance from dental professionals</td></tr></tbody></table><h2>Frequently Asked Questions</h2><h3>Can dental implants improve my facial appearance?</h3><p>This is the primary question addressed in this comprehensive guide. We explore all aspects to give you complete understanding and peace of mind about your dental implant journey.</p>","","","Can dental implants improve my facial appearance?","Everything you need to know about can dental implants improve my facial appearance - expert insights, clinical evidence, and practical guidance for dental ","","draft"
"Will dental implants prevent bone loss?","Considering dental implants? Understanding will dental implants prevent bone loss is crucial for making informed decisions about your oral health. This comprehensive guide explores everything you need to know, backed by clinical research and expert insights from leading dental professionals.<h2>Understanding the Basics</h2><img alt=""Will dental implants prevent bone loss?"" width=""616px"" src=""https://example.com/placeholder.jpg""/><p>Dental implants have revolutionized modern dentistry, offering a permanent solution for tooth loss. This section explores the fundamental concepts you need to understand about will dental implants prevent bone loss.</p><h3>Key Points</h3><ul><li>Comprehensive coverage of essential topics</li><li>Evidence-based information from clinical studies</li><li>Practical guidance for patients</li></ul><h2>Detailed Analysis</h2><p>Expert insights and detailed explanations provide clarity on this important topic. Understanding these factors helps you make the best decision for your dental health.</p><table><thead><tr><th>Factor</th><th>Description</th></tr></thead><tbody><tr><td>Clinical Evidence</td><td>Based on peer-reviewed research</td></tr><tr><td>Expert Opinion</td><td>Guidance from dental professionals</td></tr></tbody></table><h2>Frequently Asked Questions</h2><h3>Will dental implants prevent bone loss?</h3><p>This is the primary question addressed in this comprehensive guide. We explore all aspects to give you complete understanding and peace of mind about your dental implant journey.</p>","","","Will dental implants prevent bone loss?","Everything you need to know about will dental implants prevent bone loss - expert insights, clinical evidence, and practical guidance for dental implant pa","","draft"
"How do dental implants affect adjacent teeth?","Considering dental implants? Understanding how do dental implants affect adjacent teeth is crucial for making informed decisions about your oral health. This comprehensive guide explores everything you need to know, backed by clinical research and expert insights from leading dental professionals.<h2>Understanding the Basics</h2><img alt=""How do dental implants affect adjacent teeth?"" width=""616px"" src=""https://example.com/placeholder.jpg""/><p>Dental implants have revolutionized modern dentistry, offering a permanent solution for tooth loss. This section explores the fundamental concepts you need to understand about how do dental implants affect adjacent teeth.</p><h3>Key Points</h3><ul><li>Comprehensive coverage of essential topics</li><li>Evidence-based information from clinical studies</li><li>Practical guidance for patients</li></ul><h2>Detailed Analysis</h2><p>Expert insights and detailed explanations provide clarity on this important topic. Understanding these factors helps you make the best decision for your dental health.</p><table><thead><tr><th>Factor</th><th>Description</th></tr></thead><tbody><tr><td>Clinical Evidence</td><td>Based on peer-reviewed research</td></tr><tr><td>Expert Opinion</td><td>Guidance from dental professionals</td></tr></tbody></table><h2>Frequently Asked Questions</h2><h3>How do dental implants affect adjacent teeth?</h3><p>This is the primary question addressed in this comprehensive guide. We explore all aspects to give you complete understanding and peace of mind about your dental implant journey.</p>","","","How do dental implants affect adjacent teeth?","Everything you need to know about how do dental implants affect adjacent teeth - expert insights, clinical evidence, and practical guidance for dental impl","","draft"
"Can I get an MRI with dental implants?","Considering dental implants? Understanding can i get an mri with dental implants is crucial for making informed decisions about your oral health. This comprehensive guide explores everything you need to know, backed by clinical research and expert insights from leading dental professionals.<h2>Understanding the Basics</h2><img alt=""Can I get an MRI with dental implants?"" width=""616px"" src=""https://example.com/placeholder.jpg""/><p>Dental implants have revolutionized modern dentistry, offering a permanent solution for tooth loss. This section explores the fundamental concepts you need to understand about can i get an mri with dental implants.</p><h3>Key Points</h3><ul><li>Comprehensive coverage of essential topics</li><li>Evidence-based information from clinical studies</li><li>Practical guidance for patients</li></ul><h2>Detailed Analysis</h2><p>Expert insights and detailed explanations provide clarity on this important topic. Understanding these factors helps you make the best decision for your dental health.</p><table><thead><tr><th>Factor</th><th>Description</th></tr></thead><tbody><tr><td>Clinical Evidence</td><td>Based on peer-reviewed research</td></tr><tr><td>Expert Opinion</td><td>Guidance from dental professionals</td></tr></tbody></table><h2>Frequently Asked Questions</h2><h3>Can I get an MRI with dental implants?</h3><p>This is the primary question addressed in this comprehensive guide. We explore all aspects to give you complete understanding and peace of mind about your dental implant journey.</p>","","","Can I get an MRI with dental implants?","Everything you need to know about can i get an mri with dental implants - expert insights, clinical evidence, and practical guidance for dental implant pat","","draft"
"Are dental implants visible on X-rays?","Considering dental implants? Understanding are dental implants visible on x-rays is crucial for making informed decisions about your oral health. This comprehensive guide explores everything you need to know, backed by clinical research and expert insights from leading dental professionals.<h2>Understanding the Basics</h2><img alt=""Are dental implants visible on X-rays?"" width=""616px"" src=""https://example.com/placeholder.jpg""/><p>Dental implants have revolutionized modern dentistry, offering a permanent solution for tooth loss. This section explores the fundamental concepts you need to understand about are dental implants visible on x-rays.</p><h3>Key Points</h3><ul><li>Comprehensive coverage of essential topics</li><li>Evidence-based information from clinical studies</li><li>Practical guidance for patients</li></ul><h2>Detailed Analysis</h2><p>Expert insights and detailed explanations provide clarity on this important topic. Understanding these factors helps you make the best decision for your dental health.</p><table><thead><tr><th>Factor</th><th>Description</th></tr></thead><tbody><tr><td>Clinical Evidence</td><td>Based on peer-reviewed research</td></tr><tr><td>Expert Opinion</td><td>Guidance from dental professionals</td></tr></tbody></table><h2>Frequently Asked Questions</h2><h3>Are dental implants visible on X-rays?</h3><p>This is the primary question addressed in this comprehensive guide. We explore all aspects to give you complete understanding and peace of mind about your dental implant journey.</p>","","","Are dental implants visible on X-rays?","Everything you need to know about are dental implants visible on x-rays - expert insights, clinical evidence, and practical guidance for dental implant pat","","draft"
"What happens to dental implants during airport security?","Considering dental implants? Understanding what happens to dental implants during airport security is crucial for making informed decisions about your oral health. This comprehensive guide explores everything you need to know, backed by clinical research and expert insights from leading dental professionals.<h2>Understanding the Basics</h2><img alt=""What happens to dental implants during airport security?"" width=""616px"" src=""https://example.com/placeholder.jpg""/><p>Dental implants have revolutionized modern dentistry, offering a permanent solution for tooth loss. This section explores the fundamental concepts you need to understand about what happens to dental implants during airport security.</p><h3>Key Points</h3><ul><li>Comprehensive coverage of essential topics</li><li>Evidence-based information from clinical studies</li><li>Practical guidance for patients</li></ul><h2>Detailed Analysis</h2><p>Expert insights and detailed explanations provide clarity on this important topic. Understanding these factors helps you make the best decision for your dental health.</p><table><thead><tr><th>Factor</th><th>Description</th></tr></thead><tbody><tr><td>Clinical Evidence</td><td>Based on peer-reviewed research</td></tr><tr><td>Expert Opinion</td><td>Guidance from dental professionals</td></tr></tbody></table><h2>Frequently Asked Questions</h2><h3>What happens to dental implants during airport security?</h3><p>This is the primary question addressed in this comprehensive guide. We explore all aspects to give you complete understanding and peace of mind about your dental implant journey.</p>","","","What happens to dental implants during airport secur...","Everything you need to know about what happens to dental implants during airport security - expert insights, clinical evidence, and practical guidance for ","","draft"
"Can I play sports with dental implants?","Considering dental implants? Understanding can i play sports with dental implants is crucial for making informed decisions about your oral health. This comprehensive guide explores everything you need to know, backed by clinical research and expert insights from leading dental professionals.<h2>Understanding the Basics</h2><img alt=""Can I play sports with dental implants?"" width=""616px"" src=""https://example.com/placeholder.jpg""/><p>Dental implants have revolutionized modern dentistry, offering a permanent solution for tooth loss. This section explores the fundamental concepts you need to understand about can i play sports with dental implants.</p><h3>Key Points</h3><ul><li>Comprehensive coverage of essential topics</li><li>Evidence-based information from clinical studies</li><li>Practical guidance for patients</li></ul><h2>Detailed Analysis</h2><p>Expert insights and detailed explanations provide clarity on this important topic. Understanding these factors helps you make the best decision for your dental health.</p><table><thead><tr><th>Factor</th><th>Description</th></tr></thead><tbody><tr><td>Clinical Evidence</td><td>Based on peer-reviewed research</td></tr><tr><td>Expert Opinion</td><td>Guidance from dental professionals</td></tr></tbody></table><h2>Frequently Asked Questions</h2><h3>Can I play sports with dental implants?</h3><p>This is the primary question addressed in this comprehensive guide. We explore all aspects to give you complete understanding and peace of mind about your dental implant journey.</p>","","","Can I play sports with dental implants?","Everything you need to know about can i play sports with dental implants - expert insights, clinical evidence, and practical guidance for dental implant pa","","draft"
"Will dental implants affect my ability to taste food?","Considering dental implants? Understanding will dental implants affect my ability to taste food is crucial for making informed decisions about your oral health. This comprehensive guide explores everything you need to know, backed by clinical research and expert insights from leading dental professionals.<h2>Understanding the Basics</h2><img alt=""Will dental implants affect my ability to taste food?"" width=""616px"" src=""https://example.com/placeholder.jpg""/><p>Dental implants have revolutionized modern dentistry, offering a permanent solution for tooth loss. This section explores the fundamental concepts you need to understand about will dental implants affect my ability to taste food.</p><h3>Key Points</h3><ul><li>Comprehensive coverage of essential topics</li><li>Evidence-based information from clinical studies</li><li>Practical guidance for patients</li></ul><h2>Detailed Analysis</h2><p>Expert insights and detailed explanations provide clarity on this important topic. Understanding these factors helps you make the best decision for your dental health.</p><table><thead><tr><th>Factor</th><th>Description</th></tr></thead><tbody><tr><td>Clinical Evidence</td><td>Based on peer-reviewed research</td></tr><tr><td>Expert Opinion</td><td>Guidance from dental professionals</td></tr></tbody></table><h2>Frequently Asked Questions</h2><h3>Will dental implants affect my ability to taste food?</h3><p>This is the primary question addressed in this comprehensive guide. We explore all aspects to give you complete understanding and peace of mind about your dental implant journey.</p>","","","Will dental implants affect my ability to taste food?","Everything you need to know about will dental implants affect my ability to taste food - expert insights, clinical evidence, and practical guidance for den","","draft"
"Can I drink alcohol after dental implant surgery?","Considering dental implants? Understanding can i drink alcohol after dental implant surgery is crucial for making informed decisions about your oral health. This comprehensive guide explores everything you need to know, backed by clinical research and expert insights from leading dental professionals.<h2>Understanding the Basics</h2><img alt=""Can I drink alcohol after dental implant surgery?"" width=""616px"" src=""https://example.com/placeholder.jpg""/><p>Dental implants have revolutionized modern dentistry, offering a permanent solution for tooth loss. This section explores the fundamental concepts you need to understand about can i drink alcohol after dental implant surgery.</p><h3>Key Points</h3><ul><li>Comprehensive coverage of essential topics</li><li>Evidence-based information from clinical studies</li><li>Practical guidance for patients</li></ul><h2>Detailed Analysis</h2><p>Expert insights and detailed explanations provide clarity on this important topic. Understanding these factors helps you make the best decision for your dental health.</p><table><thead><tr><th>Factor</th><th>Description</th></tr></thead><tbody><tr><td>Clinical Evidence</td><td>Based on peer-reviewed research</td></tr><tr><td>Expert Opinion</td><td>Guidance from dental professionals</td></tr></tbody></table><h2>Frequently Asked Questions</h2><h3>Can I drink alcohol after dental implant surgery?</h3><p>This is the primary question addressed in this comprehensive guide. We explore all aspects to give you complete understanding and peace of mind about your dental implant journey.</p>","","","Can I drink alcohol after dental implant surgery?","Everything you need to know about can i drink alcohol after dental implant surgery - expert insights, clinical evidence, and practical guidance for dental ","","draft"
"When can I return to work after implant surgery?","Considering dental implants? Understanding when can i return to work after implant surgery is crucial for making informed decisions about your oral health. This comprehensive guide explores everything you need to know, backed by clinical research and expert insights from leading dental professionals.<h2>Understanding the Basics</h2><img alt=""When can I return to work after implant surgery?"" width=""616px"" src=""https://example.com/placeholder.jpg""/><p>Dental implants have revolutionized modern dentistry, offering a permanent solution for tooth loss. This section explores the fundamental concepts you need to understand about when can i return to work after implant surgery.</p><h3>Key Points</h3><ul><li>Comprehensive coverage of essential topics</li><li>Evidence-based information from clinical studies</li><li>Practical guidance for patients</li></ul><h2>Detailed Analysis</h2><p>Expert insights and detailed explanations provide clarity on this important topic. Understanding these factors helps you make the best decision for your dental health.</p><table><thead><tr><th>Factor</th><th>Description</th></tr></thead><tbody><tr><td>Clinical Evidence</td><td>Based on peer-reviewed research</td></tr><tr><td>Expert Opinion</td><td>Guidance from dental professionals</td></tr></tbody></table><h2>Frequently Asked Questions</h2><h3>When can I return to work after implant surgery?</h3><p>This is the primary question addressed in this comprehensive guide. We explore all aspects to give you complete understanding and peace of mind about your dental implant journey.</p>","","","When can I return to work after implant surgery?","Everything you need to know about when can i return to work after implant surgery - expert insights, clinical evidence, and practical guidance for dental i","","draft"
"What is the best age to get dental implants?","Considering dental implants? Understanding what is the best age to get dental implants is crucial for making informed decisions about your oral health. This comprehensive guide explores everything you need to know, backed by clinical research and expert insights from leading dental professionals.<h2>Understanding the Basics</h2><img alt=""What is the best age to get dental implants?"" width=""616px"" src=""https://example.com/placeholder.jpg""/><p>Dental implants have revolutionized modern dentistry, offering a permanent solution for tooth loss. This section explores the fundamental concepts you need to understand about what is the best age to get dental implants.</p><h3>Key Points</h3><ul><li>Comprehensive coverage of essential topics</li><li>Evidence-based information from clinical studies</li><li>Practical guidance for patients</li></ul><h2>Detailed Analysis</h2><p>Expert insights and detailed explanations provide clarity on this important topic. Understanding these factors helps you make the best decision for your dental health.</p><table><thead><tr><th>Factor</th><th>Description</th></tr></thead><tbody><tr><td>Clinical Evidence</td><td>Based on peer-reviewed research</td></tr><tr><td>Expert Opinion</td><td>Guidance from dental professionals</td></tr></tbody></table><h2>Frequently Asked Questions</h2><h3>What is the best age to get dental implants?</h3><p>This is the primary question addressed in this comprehensive guide. We explore all aspects to give you complete understanding and peace of mind about your dental implant journey.</p>","","","What is the best age to get dental implants?","Everything you need to know about what is the best age to get dental implants - expert insights, clinical evidence, and practical guidance for dental impla","","draft"
"Can teenagers get dental implants?","Considering dental implants? Understanding can teenagers get dental implants is crucial for making informed decisions about your oral health. This comprehensive guide explores everything you need to know, backed by clinical research and expert insights from leading dental professionals.<h2>Understanding the Basics</h2><img alt=""Can teenagers get dental implants?"" width=""616px"" src=""https://example.com/placeholder.jpg""/><p>Dental implants have revolutionized modern dentistry, offering a permanent solution for tooth loss. This section explores the fundamental concepts you need to understand about can teenagers get dental implants.</p><h3>Key Points</h3><ul><li>Comprehensive coverage of essential topics</li><li>Evidence-based information from clinical studies</li><li>Practical guidance for patients</li></ul><h2>Detailed Analysis</h2><p>Expert insights and detailed explanations provide clarity on this important topic. Understanding these factors helps you make the best decision for your dental health.</p><table><thead><tr><th>Factor</th><th>Description</th></tr></thead><tbody><tr><td>Clinical Evidence</td><td>Based on peer-reviewed research</td></tr><tr><td>Expert Opinion</td><td>Guidance from dental professionals</td></tr></tbody></table><h2>Frequently Asked Questions</h2><h3>Can teenagers get dental implants?</h3><p>This is the primary question addressed in this comprehensive guide. We explore all aspects to give you complete understanding and peace of mind about your dental implant journey.</p>","","","Can teenagers get dental implants?","Everything you need to know about can teenagers get dental implants - expert insights, clinical evidence, and practical guidance for dental implant patient","","draft"
"Are dental implants permanent?","Considering dental implants? Understanding are dental implants permanent is crucial for making informed decisions about your oral health. This comprehensive guide explores everything you need to know, backed by clinical research and expert insights from leading dental professionals.<h2>Understanding the Basics</h2><img alt=""Are dental implants permanent?"" width=""616px"" src=""https://example.com/placeholder.jpg""/><p>Dental implants have revolutionized modern dentistry, offering a permanent solution for tooth loss. This section explores the fundamental concepts you need to understand about are dental implants permanent.</p><h3>Key Points</h3><ul><li>Comprehensive coverage of essential topics</li><li>Evidence-based information from clinical studies</li><li>Practical guidance for patients</li></ul><h2>Detailed Analysis</h2><p>Expert insights and detailed explanations provide clarity on this important topic. Understanding these factors helps you make the best decision for your dental health.</p><table><thead><tr><th>Factor</th><th>Description</th></tr></thead><tbody><tr><td>Clinical Evidence</td><td>Based on peer-reviewed research</td></tr><tr><td>Expert Opinion</td><td>Guidance from dental professionals</td></tr></tbody></table><h2>Frequently Asked Questions</h2><h3>Are dental implants permanent?</h3><p>This is the primary question addressed in this comprehensive guide. We explore all aspects to give you complete understanding and peace of mind about your dental implant journey.</p>","","","Are dental implants permanent?","Everything you need to know about are dental implants permanent - expert insights, clinical evidence, and practical guidance for dental implant patients.","","draft"
"What is immediate load dental implants?","Considering dental implants? Understanding what is immediate load dental implants is crucial for making informed decisions about your oral health. This comprehensive guide explores everything you need to know, backed by clinical research and expert insights from leading dental professionals.<h2>Understanding the Basics</h2><img alt=""What is immediate load dental implants?"" width=""616px"" src=""https://example.com/placeholder.jpg""/><p>Dental implants have revolutionized modern dentistry, offering a permanent solution for tooth loss. This section explores the fundamental concepts you need to understand about what is immediate load dental implants.</p><h3>Key Points</h3><ul><li>Comprehensive coverage of essential topics</li><li>Evidence-based information from clinical studies</li><li>Practical guidance for patients</li></ul><h2>Detailed Analysis</h2><p>Expert insights and detailed explanations provide clarity on this important topic. Understanding these factors helps you make the best decision for your dental health.</p><table><thead><tr><th>Factor</th><th>Description</th></tr></thead><tbody><tr><td>Clinical Evidence</td><td>Based on peer-reviewed research</td></tr><tr><td>Expert Opinion</td><td>Guidance from dental professionals</td></tr></tbody></table><h2>Frequently Asked Questions</h2><h3>What is immediate load dental implants?</h3><p>This is the primary question addressed in this comprehensive guide. We explore all aspects to give you complete understanding and peace of mind about your dental implant journey.</p>","","","What is immediate load dental implants?","Everything you need to know about what is immediate load dental implants - expert insights, clinical evidence, and practical guidance for dental implant pa","","draft"
"Can I get dental implants in one visit?","Considering dental implants? Understanding can i get dental implants in one visit is crucial for making informed decisions about your oral health. This comprehensive guide explores everything you need to know, backed by clinical research and expert insights from leading dental professionals.<h2>Understanding the Basics</h2><img alt=""Can I get dental implants in one visit?"" width=""616px"" src=""https://example.com/placeholder.jpg""/><p>Dental implants have revolutionized modern dentistry, offering a permanent solution for tooth loss. This section explores the fundamental concepts you need to understand about can i get dental implants in one visit.</p><h3>Key Points</h3><ul><li>Comprehensive coverage of essential topics</li><li>Evidence-based information from clinical studies</li><li>Practical guidance for patients</li></ul><h2>Detailed Analysis</h2><p>Expert insights and detailed explanations provide clarity on this important topic. Understanding these factors helps you make the best decision for your dental health.</p><table><thead><tr><th>Factor</th><th>Description</th></tr></thead><tbody><tr><td>Clinical Evidence</td><td>Based on peer-reviewed research</td></tr><tr><td>Expert Opinion</td><td>Guidance from dental professionals</td></tr></tbody></table><h2>Frequently Asked Questions</h2><h3>Can I get dental implants in one visit?</h3><p>This is the primary question addressed in this comprehensive guide. We explore all aspects to give you complete understanding and peace of mind about your dental implant journey.</p>","","","Can I get dental implants in one visit?","Everything you need to know about can i get dental implants in one visit - expert insights, clinical evidence, and practical guidance for dental implant pa","","draft"
"What is guided implant surgery?","Considering dental implants? Understanding what is guided implant surgery is crucial for making informed decisions about your oral health. This comprehensive guide explores everything you need to know, backed by clinical research and expert insights from leading dental professionals.<h2>Understanding the Basics</h2><img alt=""What is guided implant surgery?"" width=""616px"" src=""https://example.com/placeholder.jpg""/><p>Dental implants have revolutionized modern dentistry, offering a permanent solution for tooth loss. This section explores the fundamental concepts you need to understand about what is guided implant surgery.</p><h3>Key Points</h3><ul><li>Comprehensive coverage of essential topics</li><li>Evidence-based information from clinical studies</li><li>Practical guidance for patients</li></ul><h2>Detailed Analysis</h2><p>Expert insights and detailed explanations provide clarity on this important topic. Understanding these factors helps you make the best decision for your dental health.</p><table><thead><tr><th>Factor</th><th>Description</th></tr></thead><tbody><tr><td>Clinical Evidence</td><td>Based on peer-reviewed research</td></tr><tr><td>Expert Opinion</td><td>Guidance from dental professionals</td></tr></tbody></table><h2>Frequently Asked Questions</h2><h3>What is guided implant surgery?</h3><p>This is the primary question addressed in this comprehensive guide. We explore all aspects to give you complete understanding and peace of mind about your dental implant journey.</p>","","","What is guided implant surgery?","Everything you need to know about what is guided implant surgery - expert insights, clinical evidence, and practical guidance for dental implant patients.","","draft"
"How accurate is computer-guided implant placement?","Considering dental implants? Understanding how accurate is computer-guided implant placement is crucial for making informed decisions about your oral health. This comprehensive guide explores everything you need to know, backed by clinical research and expert insights from leading dental professionals.<h2>Understanding the Basics</h2><img alt=""How accurate is computer-guided implant placement?"" width=""616px"" src=""https://example.com/placeholder.jpg""/><p>Dental implants have revolutionized modern dentistry, offering a permanent solution for tooth loss. This section explores the fundamental concepts you need to understand about how accurate is computer-guided implant placement.</p><h3>Key Points</h3><ul><li>Comprehensive coverage of essential topics</li><li>Evidence-based information from clinical studies</li><li>Practical guidance for patients</li></ul><h2>Detailed Analysis</h2><p>Expert insights and detailed explanations provide clarity on this important topic. Understanding these factors helps you make the best decision for your dental health.</p><table><thead><tr><th>Factor</th><th>Description</th></tr></thead><tbody><tr><td>Clinical Evidence</td><td>Based on peer-reviewed research</td></tr><tr><td>Expert Opinion</td><td>Guidance from dental professionals</td></tr></tbody></table><h2>Frequently Asked Questions</h2><h3>How accurate is computer-guided implant placement?</h3><p>This is the primary question addressed in this comprehensive guide. We explore all aspects to give you complete understanding and peace of mind about your dental implant journey.</p>","","","How accurate is computer-guided implant placement?","Everything you need to know about how accurate is computer-guided implant placement - expert insights, clinical evidence, and practical guidance for dental","","draft"
"What is a dental implant abutment?","Considering dental implants? Understanding what is a dental implant abutment is crucial for making informed decisions about your oral health. This comprehensive guide explores everything you need to know, backed by clinical research and expert insights from leading dental professionals.<h2>Understanding the Basics</h2><img alt=""What is a dental implant abutment?"" width=""616px"" src=""https://example.com/placeholder.jpg""/><p>Dental implants have revolutionized modern dentistry, offering a permanent solution for tooth loss. This section explores the fundamental concepts you need to understand about what is a dental implant abutment.</p><h3>Key Points</h3><ul><li>Comprehensive coverage of essential topics</li><li>Evidence-based information from clinical studies</li><li>Practical guidance for patients</li></ul><h2>Detailed Analysis</h2><p>Expert insights and detailed explanations provide clarity on this important topic. Understanding these factors helps you make the best decision for your dental health.</p><table><thead><tr><th>Factor</th><th>Description</th></tr></thead><tbody><tr><td>Clinical Evidence</td><td>Based on peer-reviewed research</td></tr><tr><td>Expert Opinion</td><td>Guidance from dental professionals</td></tr></tbody></table><h2>Frequently Asked Questions</h2><h3>What is a dental implant abutment?</h3><p>This is the primary question addressed in this comprehensive guide. We explore all aspects to give you complete understanding and peace of mind about your dental implant journey.</p>","","","What is a dental implant abutment?","Everything you need to know about what is a dental implant abutment - expert insights, clinical evidence, and practical guidance for dental implant patient","","draft"
"Can dental implants be removed if needed?","Considering dental implants? Understanding can dental implants be removed if needed is crucial for making informed decisions about your oral health. This comprehensive guide explores everything you need to know, backed by clinical research and expert insights from leading dental professionals.<h2>Understanding the Basics</h2><img alt=""Can dental implants be removed if needed?"" width=""616px"" src=""https://example.com/placeholder.jpg""/><p>Dental implants have revolutionized modern dentistry, offering a permanent solution for tooth loss. This section explores the fundamental concepts you need to understand about can dental implants be removed if needed.</p><h3>Key Points</h3><ul><li>Comprehensive coverage of essential topics</li><li>Evidence-based information from clinical studies</li><li>Practical guidance for patients</li></ul><h2>Detailed Analysis</h2><p>Expert insights and detailed explanations provide clarity on this important topic. Understanding these factors helps you make the best decision for your dental health.</p><table><thead><tr><th>Factor</th><th>Description</th></tr></thead><tbody><tr><td>Clinical Evidence</td><td>Based on peer-reviewed research</td></tr><tr><td>Expert Opinion</td><td>Guidance from dental professionals</td></tr></tbody></table><h2>Frequently Asked Questions</h2><h3>Can dental implants be removed if needed?</h3><p>This is the primary question addressed in this comprehensive guide. We explore all aspects to give you complete understanding and peace of mind about your dental implant journey.</p>","","","Can dental implants be removed if needed?","Everything you need to know about can dental implants be removed if needed - expert insights, clinical evidence, and practical guidance for dental implant ","","draft"
"What happens if I need an implant removed?","Considering dental implants? Understanding what happens if i need an implant removed is crucial for making informed decisions about your oral health. This comprehensive guide explores everything you need to know, backed by clinical research and expert insights from leading dental professionals.<h2>Understanding the Basics</h2><img alt=""What happens if I need an implant removed?"" width=""616px"" src=""https://example.com/placeholder.jpg""/><p>Dental implants have revolutionized modern dentistry, offering a permanent solution for tooth loss. This section explores the fundamental concepts you need to understand about what happens if i need an implant removed.</p><h3>Key Points</h3><ul><li>Comprehensive coverage of essential topics</li><li>Evidence-based information from clinical studies</li><li>Practical guidance for patients</li></ul><h2>Detailed Analysis</h2><p>Expert insights and detailed explanations provide clarity on this important topic. Understanding these factors helps you make the best decision for your dental health.</p><table><thead><tr><th>Factor</th><th>Description</th></tr></thead><tbody><tr><td>Clinical Evidence</td><td>Based on peer-reviewed research</td></tr><tr><td>Expert Opinion</td><td>Guidance from dental professionals</td></tr></tbody></table><h2>Frequently Asked Questions</h2><h3>What happens if I need an implant removed?</h3><p>This is the primary question addressed in this comprehensive guide. We explore all aspects to give you complete understanding and peace of mind about your dental implant journey.</p>","","","What happens if I need an implant removed?","Everything you need to know about what happens if i need an implant removed - expert insights, clinical evidence, and practical guidance for dental implant","","draft"
"How do dental implants compare to natural teeth?","Considering dental implants? Understanding how do dental implants compare to natural teeth is crucial for making informed decisions about your oral health. This comprehensive guide explores everything you need to know, backed by clinical research and expert insights from leading dental professionals.<h2>Understanding the Basics</h2><img alt=""How do dental implants compare to natural teeth?"" width=""616px"" src=""https://example.com/placeholder.jpg""/><p>Dental implants have revolutionized modern dentistry, offering a permanent solution for tooth loss. This section explores the fundamental concepts you need to understand about how do dental implants compare to natural teeth.</p><h3>Key Points</h3><ul><li>Comprehensive coverage of essential topics</li><li>Evidence-based information from clinical studies</li><li>Practical guidance for patients</li></ul><h2>Detailed Analysis</h2><p>Expert insights and detailed explanations provide clarity on this important topic. Understanding these factors helps you make the best decision for your dental health.</p><table><thead><tr><th>Factor</th><th>Description</th></tr></thead><tbody><tr><td>Clinical Evidence</td><td>Based on peer-reviewed research</td></tr><tr><td>Expert Opinion</td><td>Guidance from dental professionals</td></tr></tbody></table><h2>Frequently Asked Questions</h2><h3>How do dental implants compare to natural teeth?</h3><p>This is the primary question addressed in this comprehensive guide. We explore all aspects to give you complete understanding and peace of mind about your dental implant journey.</p>","","","How do dental implants compare to natural teeth?","Everything you need to know about how do dental implants compare to natural teeth - expert insights, clinical evidence, and practical guidance for dental i","","draft"
"Can dental implants restore my bite force?","Considering dental implants? Understanding can dental implants restore my bite force is crucial for making informed decisions about your oral health. This comprehensive guide explores everything you need to know, backed by clinical research and expert insights from leading dental professionals.<h2>Understanding the Basics</h2><img alt=""Can dental implants restore my bite force?"" width=""616px"" src=""https://example.com/placeholder.jpg""/><p>Dental implants have revolutionized modern dentistry, offering a permanent solution for tooth loss. This section explores the fundamental concepts you need to understand about can dental implants restore my bite force.</p><h3>Key Points</h3><ul><li>Comprehensive coverage of essential topics</li><li>Evidence-based information from clinical studies</li><li>Practical guidance for patients</li></ul><h2>Detailed Analysis</h2><p>Expert insights and detailed explanations provide clarity on this important topic. Understanding these factors helps you make the best decision for your dental health.</p><table><thead><tr><th>Factor</th><th>Description</th></tr></thead><tbody><tr><td>Clinical Evidence</td><td>Based on peer-reviewed research</td></tr><tr><td>Expert Opinion</td><td>Guidance from dental professionals</td></tr></tbody></table><h2>Frequently Asked Questions</h2><h3>Can dental implants restore my bite force?</h3><p>This is the primary question addressed in this comprehensive guide. We explore all aspects to give you complete understanding and peace of mind about your dental implant journey.</p>","","","Can dental implants restore my bite force?","Everything you need to know about can dental implants restore my bite force - expert insights, clinical evidence, and practical guidance for dental implant","","draft"
"Will dental implants change how I speak?","Considering dental implants? Understanding will dental implants change how i speak is crucial for making informed decisions about your oral health. This comprehensive guide explores everything you need to know, backed by clinical research and expert insights from leading dental professionals.<h2>Understanding the Basics</h2><img alt=""Will dental implants change how I speak?"" width=""616px"" src=""https://example.com/placeholder.jpg""/><p>Dental implants have revolutionized modern dentistry, offering a permanent solution for tooth loss. This section explores the fundamental concepts you need to understand about will dental implants change how i speak.</p><h3>Key Points</h3><ul><li>Comprehensive coverage of essential topics</li><li>Evidence-based information from clinical studies</li><li>Practical guidance for patients</li></ul><h2>Detailed Analysis</h2><p>Expert insights and detailed explanations provide clarity on this important topic. Understanding these factors helps you make the best decision for your dental health.</p><table><thead><tr><th>Factor</th><th>Description</th></tr></thead><tbody><tr><td>Clinical Evidence</td><td>Based on peer-reviewed research</td></tr><tr><td>Expert Opinion</td><td>Guidance from dental professionals</td></tr></tbody></table><h2>Frequently Asked Questions</h2><h3>Will dental implants change how I speak?</h3><p>This is the primary question addressed in this comprehensive guide. We explore all aspects to give you complete understanding and peace of mind about your dental implant journey.</p>","","","Will dental implants change how I speak?","Everything you need to know about will dental implants change how i speak - expert insights, clinical evidence, and practical guidance for dental implant p","","draft"
"Can I get dental implants if I have osteoporosis?","Considering dental implants? Understanding can i get dental implants if i have osteoporosis is crucial for making informed decisions about your oral health. This comprehensive guide explores everything you need to know, backed by clinical research and expert insights from leading dental professionals.<h2>Understanding the Basics</h2><img alt=""Can I get dental implants if I have osteoporosis?"" width=""616px"" src=""https://example.com/placeholder.jpg""/><p>Dental implants have revolutionized modern dentistry, offering a permanent solution for tooth loss. This section explores the fundamental concepts you need to understand about can i get dental implants if i have osteoporosis.</p><h3>Key Points</h3><ul><li>Comprehensive coverage of essential topics</li><li>Evidence-based information from clinical studies</li><li>Practical guidance for patients</li></ul><h2>Detailed Analysis</h2><p>Expert insights and detailed explanations provide clarity on this important topic. Understanding these factors helps you make the best decision for your dental health.</p><table><thead><tr><th>Factor</th><th>Description</th></tr></thead><tbody><tr><td>Clinical Evidence</td><td>Based on peer-reviewed research</td></tr><tr><td>Expert Opinion</td><td>Guidance from dental professionals</td></tr></tbody></table><h2>Frequently Asked Questions</h2><h3>Can I get dental implants if I have osteoporosis?</h3><p>This is the primary question addressed in this comprehensive guide. We explore all aspects to give you complete understanding and peace of mind about your dental implant journey.</p>","","","Can I get dental implants if I have osteoporosis?","Everything you need to know about can i get dental implants if i have osteoporosis - expert insights, clinical evidence, and practical guidance for dental ","","draft"
"Do dental implants require general anesthesia?","Considering dental implants? Understanding do dental implants require general anesthesia is crucial for making informed decisions about your oral health. This comprehensive guide explores everything you need to know, backed by clinical research and expert insights from leading dental professionals.<h2>Understanding the Basics</h2><img alt=""Do dental implants require general anesthesia?"" width=""616px"" src=""https://example.com/placeholder.jpg""/><p>Dental implants have revolutionized modern dentistry, offering a permanent solution for tooth loss. This section explores the fundamental concepts you need to understand about do dental implants require general anesthesia.</p><h3>Key Points</h3><ul><li>Comprehensive coverage of essential topics</li><li>Evidence-based information from clinical studies</li><li>Practical guidance for patients</li></ul><h2>Detailed Analysis</h2><p>Expert insights and detailed explanations provide clarity on this important topic. Understanding these factors helps you make the best decision for your dental health.</p><table><thead><tr><th>Factor</th><th>Description</th></tr></thead><tbody><tr><td>Clinical Evidence</td><td>Based on peer-reviewed research</td></tr><tr><td>Expert Opinion</td><td>Guidance from dental professionals</td></tr></tbody></table><h2>Frequently Asked Questions</h2><h3>Do dental implants require general anesthesia?</h3><p>This is the primary question addressed in this comprehensive guide. We explore all aspects to give you complete understanding and peace of mind about your dental implant journey.</p>","","","Do dental implants require general anesthesia?","Everything you need to know about do dental implants require general anesthesia - expert insights, clinical evidence, and practical guidance for dental imp","","draft"
"What is IV sedation for dental implants?","Considering dental implants? Understanding what is iv sedation for dental implants is crucial for making informed decisions about your oral health. This comprehensive guide explores everything you need to know, backed by clinical research and expert insights from leading dental professionals.<h2>Understanding the Basics</h2><img alt=""What is IV sedation for dental implants?"" width=""616px"" src=""https://example.com/placeholder.jpg""/><p>Dental implants have revolutionized modern dentistry, offering a permanent solution for tooth loss. This section explores the fundamental concepts you need to understand about what is iv sedation for dental implants.</p><h3>Key Points</h3><ul><li>Comprehensive coverage of essential topics</li><li>Evidence-based information from clinical studies</li><li>Practical guidance for patients</li></ul><h2>Detailed Analysis</h2><p>Expert insights and detailed explanations provide clarity on this important topic. Understanding these factors helps you make the best decision for your dental health.</p><table><thead><tr><th>Factor</th><th>Description</th></tr></thead><tbody><tr><td>Clinical Evidence</td><td>Based on peer-reviewed research</td></tr><tr><td>Expert Opinion</td><td>Guidance from dental professionals</td></tr></tbody></table><h2>Frequently Asked Questions</h2><h3>What is IV sedation for dental implants?</h3><p>This is the primary question addressed in this comprehensive guide. We explore all aspects to give you complete understanding and peace of mind about your dental implant journey.</p>","","","What is IV sedation for dental implants?","Everything you need to know about what is iv sedation for dental implants - expert insights, clinical evidence, and practical guidance for dental implant p","","draft"
"Can I drive myself home after implant surgery?","Considering dental implants? Understanding can i drive myself home after implant surgery is crucial for making informed decisions about your oral health. This comprehensive guide explores everything you need to know, backed by clinical research and expert insights from leading dental professionals.<h2>Understanding the Basics</h2><img alt=""Can I drive myself home after implant surgery?"" width=""616px"" src=""https://example.com/placeholder.jpg""/><p>Dental implants have revolutionized modern dentistry, offering a permanent solution for tooth loss. This section explores the fundamental concepts you need to understand about can i drive myself home after implant surgery.</p><h3>Key Points</h3><ul><li>Comprehensive coverage of essential topics</li><li>Evidence-based information from clinical studies</li><li>Practical guidance for patients</li></ul><h2>Detailed Analysis</h2><p>Expert insights and detailed explanations provide clarity on this important topic. Understanding these factors helps you make the best decision for your dental health.</p><table><thead><tr><th>Factor</th><th>Description</th></tr></thead><tbody><tr><td>Clinical Evidence</td><td>Based on peer-reviewed research</td></tr><tr><td>Expert Opinion</td><td>Guidance from dental professionals</td></tr></tbody></table><h2>Frequently Asked Questions</h2><h3>Can I drive myself home after implant surgery?</h3><p>This is the primary question addressed in this comprehensive guide. We explore all aspects to give you complete understanding and peace of mind about your dental implant journey.</p>","","","Can I drive myself home after implant surgery?","Everything you need to know about can i drive myself home after implant surgery - expert insights, clinical evidence, and practical guidance for dental imp","","draft"
"How long should I take off work for dental implants?","Considering dental implants? Understanding how long should i take off work for dental implants is crucial for making informed decisions about your oral health. This comprehensive guide explores everything you need to know, backed by clinical research and expert insights from leading dental professionals.<h2>Understanding the Basics</h2><img alt=""How long should I take off work for dental implants?"" width=""616px"" src=""https://example.com/placeholder.jpg""/><p>Dental implants have revolutionized modern dentistry, offering a permanent solution for tooth loss. This section explores the fundamental concepts you need to understand about how long should i take off work for dental implants.</p><h3>Key Points</h3><ul><li>Comprehensive coverage of essential topics</li><li>Evidence-based information from clinical studies</li><li>Practical guidance for patients</li></ul><h2>Detailed Analysis</h2><p>Expert insights and detailed explanations provide clarity on this important topic. Understanding these factors helps you make the best decision for your dental health.</p><table><thead><tr><th>Factor</th><th>Description</th></tr></thead><tbody><tr><td>Clinical Evidence</td><td>Based on peer-reviewed research</td></tr><tr><td>Expert Opinion</td><td>Guidance from dental professionals</td></tr></tbody></table><h2>Frequently Asked Questions</h2><h3>How long should I take off work for dental implants?</h3><p>This is the primary question addressed in this comprehensive guide. We explore all aspects to give you complete understanding and peace of mind about your dental implant journey.</p>","","","How long should I take off work for dental implants?","Everything you need to know about how long should i take off work for dental implants - expert insights, clinical evidence, and practical guidance for dent","","draft"
